ANIO, NOMBRE HOMBRE, NOMBRE MUJER
2002, ALEJANDRO, MARIA
2002, PABLO, LUCIA
2002, DANIEL, PAULA
2002, DAVID, LAURA
2002, ADRIAN, MARTA
2002, JAVIER, ALBA
2002, ALVARO, ANDREA
2002, SERGIO, SARA
2002, CARLOS, ANA
2002, MARIO, NEREA
2002, JORGE, CLAUDIA
2002, RAUL, MARINA
2002, MANUEL, CRISTINA
2002, DIEGO, ELENA
2002, MIGUEL, IRENE
2002, IVAN, NATALIA
2002, ANTONIO, CARLA
2002, JUAN, CARMEN
2002, RUBEN, NURIA
2002, VICTOR, AINHOA
2002, ALBERTO, PATRICIA
2002, JESUS, JULIA
2002, MARC, ROCIO
2002, OSCAR, ANGELA
2002, ANGEL, SANDRA
2002, FRANCISCO, RAQUEL
2002, JOSE, SOFIA
2002, ALEX, ALICIA
2002, MARCOS, NOELIA
2002, JAIME, CLARA
2002, ISMAEL, ALEJANDRA
2002, LUIS, MIRIAM
2002, FRANCISCO JAVIER, EVA
2002, MIGUEL ANGEL, ISABEL
2002, PEDRO, SILVIA
2002, SAMUEL, CELIA
2002, CRISTIAN, LORENA
2002, JOSE ANTONIO, INES
2002, PAU, BEATRIZ
2002, IKER, MIREIA
2002, ANDRES, LAIA
2002, GUILLERMO, LIDIA
2002, RAFAEL, CARLOTA
2002, IGNACIO, BLANCA
2002, FERNANDO, ADRIANA
2002, JOSE MANUEL, ARIADNA
2002, NICOLAS, CAROLINA
2002, GONZALO, ANNA
2002, GABRIEL, MONICA
2002, HUGO, ANA MARIA
2002, JOEL, VERONICA
2002, JOAN, AITANA
2002, AARON, VICTORIA
2002, AITOR, ESTHER
2002, POL, JUDITH
2002, ENRIQUE, GISELA
2002, EDUARDO, LARA
2002, JOSE LUIS, SONIA
2002, RODRIGO, MAR
2002, ARNAU, DANIELA
2002, JORDI, AIDA
2002, JUAN JOSE, EMMA
2002, ROBERTO, AROA
2002, SANTIAGO, BELEN
2002, CHRISTIAN, HELENA
2002, JUAN MANUEL, AINA
2002, JOSE MARIA, LEIRE
2002, ERIC, TERESA
2002, LUCAS, AINARA
2002, GERARD, JUDIT
2002, HECTOR, PAOLA
2002, JUAN CARLOS, YAIZA
2002, SERGI, SHEILA
2002, MARTIN, MARIA DEL CARMEN
2002, JUAN ANTONIO, NOEMI
2002, UNAI, BERTA
2002, ADRIA, FATIMA
2002, KEVIN, NAIARA
2002, FRANCISCO JOSE, AINOA
2002, XAVIER, MARIA JOSE
2002, ASIER, GEMA
2002, ALBERT, PALOMA
2002, JOAQUIN, REBECA
2002, ORIOL, TANIA
2002, BORJA, ZAIRA
2002, MOHAMED, ANE
2002, MIKEL, ERIKA
2002, JONATHAN, MARTINA
2002, JON, SUSANA
2002, ALFONSO, ELISA
2002, GUILLEM, ALBA MARIA
2002, RICARDO, SALMA
2002, CESAR, CANDELA
2002, ISAAC, PILAR
2002, RAMON, VALERIA
2002, JOSE MIGUEL, NADIA
2002, ANDER, ESTELA
2002, MARCO, JENNIFER
2002, SALVADOR, IRATI
2002, MARTI, INMACULADA
2002, ROGER, GABRIELA
2002, IÑIGO, DIANA
2002, TOMAS, VIRGINIA
2002, ABEL, IRIA
2002, YERAY, LYDIA
2002, ALEIX, SARAY
2002, IZAN, JESSICA
2002, JOSEP, GEMMA
2002, MATEO, ALMUDENA
2002, MIQUEL, GLORIA
2002, XABIER, ALEXIA
2002, JULIO, AMANDA
2002, DARIO, ESTEFANIA
2002, SAUL, CARMEN MARIA
2002, ARTURO, MARIA DEL MAR
2002, JULEN, NORA
2002, VICENTE, ALEXANDRA
2002, JUAN FRANCISCO, DESIREE
2002, ABRAHAM, MARIONA
2002, LUIS MIGUEL, ROSA
2002, ENEKO, OLGA
2002, ERIK, MANUELA
2002, MOISES, YOLANDA
2002, FERRAN, NAYARA
2002, ELOY, LEYRE
2002, EMILIO, BARBARA
2002, JAUME, ELSA
2002, JULIAN, IRIS
2002, ISRAEL, ANA ISABEL
2002, SEBASTIAN, RUTH
2002, JOSE CARLOS, MERCEDES
2002, GORKA, ANA BELEN
2002, JAN, LOLA
2002, ANTONIO JESUS, ISABEL MARIA
2002, JOSE ANGEL, MIREYA
2002, CARLES, SORAYA
2002, ALONSO, LUNA
2002, BRAIS, MARIA ISABEL
2002, GERMAN, YASMINA
2002, OIER, JIMENA
2002, ALEXANDER, NOA
2002, BRUNO, VANESA
2002, EDGAR, EVA MARIA
2002, ANTONIO JOSE, ITZIAR
2002, AGUSTIN, CECILIA
2002, NIL, ANTIA
2002, MARKEL, NEUS
2002, BRIAN, AURORA
2002, NAIM, VANESSA
2002, OMAR, MAIDER
2003, DANIEL, MARIA
2003, PABLO, PAULA
2003, DAVID, LAURA
2003, JAVIER, MARTA
2003, ADRIAN, ANDREA
2003, ALVARO, ALBA
2003, SERGIO, SARA
2003, CARLOS, CLAUDIA
2003, HUGO, ANA
2003, MARIO, NEREA
2003, JORGE, CARLA
2003, DIEGO, ELENA
2003, IVAN, CRISTINA
2003, RAUL, AINHOA
2003, MANUEL, NATALIA
2003, MIGUEL, MARINA
2003, ANTONIO, IRENE
2003, RUBEN, CARMEN
2003, JUAN, NURIA
2003, VICTOR, JULIA
2003, MARCOS, ANGELA
2003, ALBERTO, SOFIA
2003, MARC, ROCIO
2003, JESUS, SANDRA
2003, ALEX, ALEJANDRA
2003, ANGEL, NOELIA
2003, OSCAR, PATRICIA
2003, FRANCISCO, RAQUEL
2003, IKER, CLARA
2003, JOSE, CELIA
2003, ISMAEL, ALICIA
2003, JAIME, INES
2003, SAMUEL, MIRIAM
2003, PAU, SILVIA
2003, LUIS, ISABEL
2003, MIGUEL ANGEL, EVA
2003, PEDRO, LORENA
2003, IGNACIO, LAIA
2003, RAFAEL, BEATRIZ
2003, FRANCISCO JAVIER, CARLOTA
2003, FERNANDO, CAROLINA
2003, NICOLAS, DANIELA
2003, GUILLERMO, LIDIA
2003, JOSE ANTONIO, BLANCA
2003, CRISTIAN, ARIADNA
2003, ANDRES, ADRIANA
2003, JOSE MANUEL, ANNA
2003, JOEL, MONICA
2003, GONZALO, AITANA
2003, GABRIEL, MIREIA
2003, LUCAS, JUDITH
2003, JOAN, AINARA
2003, ENRIQUE, ANA MARIA
2003, AITOR, LARA
2003, POL, VICTORIA
2003, AARON, MAR
2003, RODRIGO, NAIARA
2003, ARNAU, CANDELA
2003, SANTIAGO, ESTHER
2003, EDUARDO, AROA
2003, ROBERTO, PAOLA
2003, JORDI, AINA
2003, ERIC, TERESA
2003, JUAN JOSE, SONIA
2003, JOSE LUIS, EMMA
2003, UNAI, LEIRE
2003, HECTOR, VERONICA
2003, MARTIN, AIDA
2003, GERARD, BELEN
2003, JOSE MARIA, YAIZA
2003, SERGI, SHEILA
2003, JUAN CARLOS, GISELA
2003, JUAN MANUEL, JUDIT
2003, JUAN ANTONIO, MARTINA
2003, ADRIA, BERTA
2003, ASIER, ERIKA
2003, MOHAMED, NOA
2003, CHRISTIAN, HELENA
2003, KEVIN, NOEMI
2003, BORJA, FATIMA
2003, ORIOL, DESIREE
2003, FRANCISCO JOSE, REBECA
2003, JONATHAN, SALMA
2003, JOAQUIN, ANE
2003, ALBERT, VALERIA
2003, MIKEL, ZAIRA
2003, XAVIER, NORA
2003, ALFONSO, MARIA JOSE
2003, JON, PALOMA
2003, RICARDO, TANIA
2003, MARCO, ELISA
2003, ISAAC, IRATI
2003, CESAR, NADIA
2003, ANDER, DIANA
2003, IZAN, GEMA
2003, GUILLEM, SUSANA
2003, ABEL, SARAY
2003, MARTI, ALEXIA
2003, MATEO, GABRIELA
2003, DARIO, NAYARA
2003, IÑIGO, PILAR
2003, YERAY, IRIA
2003, ALEIX, JIMENA
2003, AIMAR, ESTELA
2003, ROGER, AMANDA
2003, JOSE MIGUEL, ALBA MARIA
2003, TOMAS, ALEXANDRA
2003, JAN, LYDIA
2003, RAMON, LUNA
2003, BRUNO, LOLA
2003, SALVADOR, IRIS
2003, JULEN, JENNIFER
2003, ENEKO, ELSA
2003, SAUL, OLGA
2003, JULIO, ROSA
2003, ERIK, NAROA
2003, JOSEP, MARIA DEL MAR
2003, XABIER, ALMUDENA
2003, MIQUEL, RUTH
2003, ABRIL, INMACULADA
2003, JAUME, YOLANDA
2003, VICENTE, LEYRE
2003, EMILIO, MANUELA
2003, ELOY, YASMINA
2003, JUAN FRANCISCO, GLORIA
2003, NIL, MARIA ISABEL
2003, OMAR, MARIONA
2003, ARTURO, ANA ISABEL
2003, ISRAEL, CARMEN MARIA
2003, FERRAN, GEMMA
2003, LUIS MIGUEL, ANA BELEN
2003, ABRAHAM, NAHIA
2003, JOSE CARLOS, BARBARA
2003, YAGO, ESTEFANIA
2003, ALEXANDER, JESSICA
2003, BRAIS, MIREYA
2003, IAN, VIRGINIA
2003, OIER, EVA MARIA
2003, SEBASTIAN, IZARO
2003, EDGAR, NEUS
2003, IBAI, UXIA
2003, JULIAN, MERCEDES
2003, MOISES, VANESA
2003, MARKEL, ANTIA
2003, ALONSO, ITZIAR
2003, JOSE ANGEL, SORAYA
2003, GERMAN, CECILIA
2004, ALEJANDRO, LUCIA
2004, DAVID, MARIA
2004, DANIEL, PAULA
2004, PABLO, LAURA
2004, ADRIAN, MARTA
2004, ALVARO, ALBA
2004, JAVIER, ANDREA
2004, SERGIO, CLAUDIA
2004, CARLOS, SARA
2004, MARCOS, NEREA
2004, IVAN, CARLA
2004, HUGO, ANA
2004, MARIO, NATALIA
2004, JORGE, IRENE
2004, DIEGO, MARINA
2004, MIGUEL, CRISTINA
2004, MANUEL, ELENA
2004, RAUL, CARMEN
2004, RUBEN, JULIA
2004, ANTONIO, AINHOA
2004, JUAN, ROCIO
2004, ALEX, SOFIA
2004, VICTOR, ANGELA
2004, MARC, NURIA
2004, ALBERTO, ALEJANDRA
2004, IKER, SANDRA
2004, JESUS, ALICIA
2004, ANGEL, CLARA
2004, FRANCISCO, PATRICIA
2004, OSCAR, CELIA
2004, JOSE, EVA
2004, SAMUEL, INES
2004, JAIME, NOELIA
2004, ISMAEL, DANIELA
2004, PAU, LAIA
2004, NICOLAS, RAQUEL
2004, MIGUEL ANGEL, SILVIA
2004, LUIS, ISABEL
2004, PEDRO, LORENA
2004, GONZALO, MIRIAM
2004, IGNACIO, ADRIANA
2004, GUILLERMO, BLANCA
2004, RAFAEL, ARIADNA
2004, GABRIEL, AITANA
2004, JOEL, AROA
2004, FERNANDO, CANDELA
2004, FRANCISCO JAVIER, CAROLINA
2004, LUCAS, BEATRIZ
2004, CRISTIAN, CARLOTA
2004, AARON, AINARA
2004, JOSE ANTONIO, VICTORIA
2004, ANDRES, MIREIA
2004, POL, ANNA
2004, JOAN, LIDIA
2004, RODRIGO, JUDITH
2004, JOSE MANUEL, MARTINA
2004, HECTOR, MONICA
2004, AITOR, MAR
2004, ARNAU, LARA
2004, ENRIQUE, NAIARA
2004, SANTIAGO, ERIKA
2004, IZAN, ANA MARIA
2004, ROBERTO, AINA
2004, ERIC, EMMA
2004, EDUARDO, YAIZA
2004, JORDI, PAOLA
2004, MARTIN, ESTHER
2004, UNAI, LEIRE
2004, JOSE LUIS, HELENA
2004, ASIER, SONIA
2004, JUAN JOSE, SHEILA
2004, SERGI, BERTA
2004, MOHAMED, REBECA
2004, ADRIA, GISELA
2004, GERARD, JUDIT
2004, KEVIN, NOA
2004, JUAN MANUEL, TERESA
2004, JOSE MARIA, FATIMA
2004, MARCO, NORA
2004, BORJA, BELEN
2004, ORIOL, GABRIELA
2004, CHRISTIAN, NAYARA
2004, JUAN CARLOS, VERONICA
2004, YERAY, JIMENA
2004, JUAN ANTONIO, LOLA
2004, ISAAC, DESIREE
2004, XAVIER, SALMA
2004, FRANCISCO JOSE, ELSA
2004, JOAQUIN, VALERIA
2004, JON, MARIA DEL CARMEN
2004, CESAR, ABRIL
2004, GUILLEM, LEYRE
2004, MARTI, ESTELA
2004, ALBERT, NOEMI
2004, JONATHAN, IRIA
2004, MIKEL, GEMA
2004, MATEO, ANE
2004, DARIO, NADIA
2004, ALFONSO, IRATI
2004, ANDER, LUNA
2004, JAN, SARAY
2004, RICARDO, MARIA JOSE
2004, ALEIX, DIANA
2004, AIMAR, ZAIRA
2004, RAMON, ELISA
2004, JOSE MIGUEL, TANIA
2004, ABEL, LYDIA
2004, ROGER, IRIS
2004, BRUNO, ALEXANDRA
2004, SAUL, ALEXIA
2004, SALVADOR, NAROA
2004, MIQUEL, ALMUDENA
2004, ERIK, PILAR
2004, IÑIGO, MANUELA
2004, TOMAS, PALOMA
2004, JULEN, SUSANA
2004, JULIO, ALBA MARIA
2004, ENEKO, MARIA DEL MAR
2004, OMAR, RUTH
2004, ADAM, AYA
2004, FERRAN, ITZIAR
2004, NIL, OLGA
2004, IBAI, AMANDA
2004, XABIER, JANA
2004, ALONSO, MARIONA
2004, ISRAEL, AFRICA
2004, YAGO, UXIA
2004, ARTURO, NAHIA
2004, EDGAR, SORAYA
2004, IAN, GEMMA
2004, EMILIO, INMACULADA
2004, VICENTE, GLORIA
2004, JUAN FRANCISCO, MIREYA
2004, ELOY, UXUE
2004, JOSEP, ROSA
2004, OIER, JESSICA
2004, ABRAHAM, JUNE
2004, JULIAN, YOLANDA
2004, JOSE CARLOS, LETICIA
2004, BRAIS, ANTIA
2004, JAUME, MARIAM
2004, ADAN, NAIA
2004, JAIRO, JENNIFER
2004, ALEXANDER, MARIA ISABEL
2004, MARKEL, IZARO
2004, SEBASTIAN, NAZARET
2004, BIEL, VIRGINIA
2004, MOISES, ESTEFANIA
2004, ELIAS, MAIALEN
2004, IAGO, YASMINA
2004, GORKA, INGRID
2004, MAURO, AINOA
2004, DENIS, NEUS
2005, ALEJANDRO, LUCIA
2005, DANIEL, MARIA
2005, PABLO, PAULA
2005, DAVID, LAURA
2005, ADRIAN, MARTA
2005, JAVIER, ALBA
2005, ALVARO, CLAUDIA
2005, SERGIO, CARLA
2005, CARLOS, ANDREA
2005, MARCOS, SARA
2005, IVAN, NEREA
2005, HUGO, IRENE
2005, DIEGO, ANA
2005, JORGE, NATALIA
2005, MIGUEL, JULIA
2005, MANUEL, ELENA
2005, MARIO, CARMEN
2005, RAUL, SOFIA
2005, ANTONIO, MARINA
2005, RUBEN, CRISTINA
2005, VICTOR, AINHOA
2005, MARC, ROCIO
2005, JUAN, DANIELA
2005, IKER, ANGELA
2005, SAMUEL, ALEJANDRA
2005, ALEX, AITANA
2005, ALBERTO, NURIA
2005, JESUS, SANDRA
2005, ANGEL, INES
2005, NICOLAS, LAIA
2005, FRANCISCO, ALICIA
2005, OSCAR, CANDELA
2005, JAIME, RAQUEL
2005, HECTOR, PATRICIA
2005, JOSE, CELIA
2005, PAU, ADRIANA
2005, ISMAEL, EVA
2005, GUILLERMO, CLARA
2005, PEDRO, ARIADNA
2005, JOEL, NOELIA
2005, IGNACIO, SILVIA
2005, LUIS, MARTINA
2005, MIGUEL ANGEL, CARLOTA
2005, GONZALO, CAROLINA
2005, IZAN, BLANCA
2005, RAFAEL, ISABEL
2005, GABRIEL, MIRIAM
2005, AARON, LORENA
2005, ANDRES, NOA
2005, FERNANDO, AINARA
2005, FRANCISCO JAVIER, BEATRIZ
2005, LUCAS, AROA
2005, JOSE ANTONIO, VICTORIA
2005, CRISTIAN, LIDIA
2005, POL, MIREIA
2005, RODRIGO, EMMA
2005, JOSE MANUEL, MAR
2005, AITOR, NAIARA
2005, JOAN, HELENA
2005, SANTIAGO, JUDITH
2005, MARTIN, AINA
2005, EDUARDO, ANNA
2005, ERIC, ERIKA
2005, ARNAU, LARA
2005, ROBERTO, YAIZA
2005, UNAI, PAOLA
2005, ENRIQUE, LEIRE
2005, JORDI, MONICA
2005, ASIER, DIANA
2005, ADRIA, BERTA
2005, MOHAMED, ANA MARIA
2005, JOSE LUIS, JIMENA
2005, JUAN JOSE, NAYARA
2005, JOSE MARIA, ESTHER
2005, MARCO, NORA
2005, SERGI, LOLA
2005, GERARD, ABRIL
2005, JAN, GABRIELA
2005, JUAN MANUEL, JUDIT
2005, ORIOL, VALERIA
2005, KEVIN, TANIA
2005, CHRISTIAN, ELSA
2005, YERAY, TERESA
2005, JUAN CARLOS, REBECA
2005, JUAN ANTONIO, BELEN
2005, MARTI, GISELA
2005, MATEO, FATIMA
2005, DARIO, LUNA
2005, XAVIER, SALMA
2005, GUILLEM, SHEILA
2005, ISAAC, SARAY
2005, JOAQUIN, MARIA DEL CARMEN
2005, ALEIX, SONIA
2005, ANDER, YANIRA
2005, BRUNO, NOEMI
2005, ADAM, NADIA
2005, JON, VERONICA
2005, MIKEL, IRIA
2005, FRANCISCO JOSE, IRATI
2005, AIMAR, AFRICA
2006, ALEJANDRO, LUCIA
2006, DANIEL, MARIA
2006, PABLO, PAULA
2006, DAVID, LAURA
2006, ADRIAN, CLAUDIA
2006, ALVARO, IRENE
2006, JAVIER, MARTA
2006, SERGIO, ALBA
2006, HUGO, SARA
2006, DIEGO, CARLA
2006, CARLOS, ANDREA
2006, MARCOS, NEREA
2006, MARIO, JULIA
2006, IVAN, NATALIA
2006, MANUEL, ELENA
2006, MIGUEL, ANA
2006, JORGE, SOFIA
2006, RUBEN, CARMEN
2006, IKER, DANIELA
2006, RAUL, MARINA
2006, VICTOR, CRISTINA
2006, ANTONIO, AINHOA
2006, JUAN, AITANA
2006, HECTOR, ROCIO
2006, MARC, ANGELA
2006, SAMUEL, ALEJANDRA
2006, ALEX, INES
2006, JESUS, NURIA
2006, OSCAR, ADRIANA
2006, ALBERTO, SANDRA
2006, NICOLAS, LAIA
2006, ANGEL, CANDELA
2006, JAIME, ARIADNA
2006, JOSE, MARTINA
2006, FRANCISCO, CELIA
2006, GONZALO, ALICIA
2006, GUILLERMO, CLARA
2006, IZAN, AINARA
2006, PAU, EVA
2006, LUCAS, NOA
2006, GABRIEL, NOELIA
2006, ISMAEL, CARLOTA
2006, JOEL, MIRIAM
2006, PEDRO, PATRICIA
2006, RODRIGO, BLANCA
2006, IGNACIO, ISABEL
2006, AARON, SILVIA
2006, LUIS, RAQUEL
2006, MIGUEL ANGEL, LORENA
2006, RAFAEL, CAROLINA
2006, FERNANDO, JIMENA
2006, CRISTIAN, LIDIA
2006, FRANCISCO JAVIER, AROA
2006, ANDRES, EMMA
2006, AITOR, VALERIA
2006, POL, HELENA
2006, JOAN, VICTORIA
2006, ARNAU, MAR
2006, MARTIN, BEATRIZ
2006, JOSE ANTONIO, JUDITH
2006, ERIC, NAIARA
2006, JOSE MANUEL, MIREIA
2006, MOHAMED, PAOLA
2006, DARIO, LOLA
2006, UNAI, AINA
2006, SANTIAGO, ANNA
2006, ROBERTO, SARAY
2006, EDUARDO, NAYARA
2006, ASIER, ERIKA
2006, ENRIQUE, LARA
2006, JORDI, LEIRE
2006, MARCO, NORA
2006, MATEO, ANA MARIA
2006, ADRIA, BERTA
2006, ADAM, LUNA
2006, ORIOL, GABRIELA
2006, MARTI, ESTHER
2006, JUAN JOSE, YAIZA
2006, JAN, ELSA
2006, GERARD, ABRIL
2006, KEVIN, YANIRA
2006, SERGI, MONICA
2006, BIEL, SALMA
2006, JOSE LUIS, DIANA
2006, CHRISTIAN, AFRICA
2006, JUAN MANUEL, TANIA
2006, JOSE MARIA, IRIA
2006, GUILLEM, SHEILA
2006, ISAAC, FATIMA
2006, XAVIER, LEYRE
2006, YERAY, TERESA
2006, AIMAR, AYA
2006, JUAN ANTONIO, NADIA
2006, ERIK, SONIA
2006, JOAQUIN, JANA
2006, BRUNO, REBECA
2006, SAUL, MARIA DEL CARMEN
2006, JUAN CARLOS, SORAYA
2006, ROGER, ZAIRA
2006, FRANCISCO JOSE, GEMA
2007, DANIEL, LUCIA
2007, ALEJANDRO, MARIA
2007, PABLO, PAULA
2007, DAVID, SARA
2007, ADRIAN, LAURA
2007, ALVARO, CLAUDIA
2007, HUGO, IRENE
2007, JAVIER, MARTA
2007, DIEGO, ALBA
2007, SERGIO, CARLA
2007, MARCOS, ANDREA
2007, JORGE, JULIA
2007, IVAN, ANA
2007, CARLOS, SOFIA
2007, MANUEL, NEREA
2007, MARIO, DANIELA
2007, MIGUEL, NATALIA
2007, IKER, CARMEN
2007, RUBEN, ELENA
2007, ANTONIO, ROCIO
2007, RAUL, AINHOA
2007, VICTOR, AITANA
2007, JUAN, MARINA
2007, MARC, INES
2007, LUCAS, ANGELA
2007, ALEX, CRISTINA
2007, HECTOR, MARTINA
2007, SAMUEL, ALEJANDRA
2007, NICOLAS, ADRIANA
2007, JESUS, NOA
2007, GUILLERMO, CANDELA
2007, ANGEL, NURIA
2007, ALBERTO, ARIADNA
2007, GONZALO, LAIA
2007, IZAN, CELIA
2007, JOSE, AINARA
2007, FRANCISCO, CLARA
2007, JAIME, SANDRA
2007, OSCAR, CARLOTA
2007, PAU, BLANCA
2007, RODRIGO, ALICIA
2007, GABRIEL, EVA
2007, ISMAEL, MIRIAM
2007, AARON, VALERIA
2007, LUIS, CAROLINA
2007, AITOR, EMMA
2007, PEDRO, ISABEL
2007, JOEL, NAIARA
2007, RAFAEL, NOELIA
2007, MIGUEL ANGEL, RAQUEL
2007, IGNACIO, SILVIA
2007, ERIC, JIMENA
2007, FERNANDO, LORENA
2007, MOHAMED, AROA
2007, POL, ERIKA
2007, CRISTIAN, PATRICIA
2007, ANDRES, VICTORIA
2007, MARTIN, MAR
2007, UNAI, LOLA
2007, DARIO, PAOLA
2007, FRANCISCO JAVIER, LEIRE
2007, ARNAU, JANA
2007, JOAN, NAYARA
2007, ADAM, NORA
2007, JOSE ANTONIO, GABRIELA
2007, MATEO, LIDIA
2007, ASIER, AINA
2007, SANTIAGO, LARA
2007, JOSE MANUEL, HELENA
2007, EDUARDO, SHEILA
2007, ROBERTO, MIREIA
2007, MARCO, ANNA
2007, ENRIQUE, JUDITH
2007, JORDI, BERTA
2007, JAN, SARAY
2007, MARTI, ELSA
2007, ORIOL, LEYRE
2007, ADRIA, YANIRA
2007, JUAN JOSE, BEATRIZ
2007, BRUNO, LUNA
2007, JOSE LUIS, AFRICA
2007, BIEL, YAIZA
2007, YERAY, ANA MARIA
2007, GERARD, ABRIL
2007, GUILLEM, ESTHER
2007, ERIK, SALMA
2007, KEVIN, AYA
2007, SERGI, MONICA
2007, SAUL, DIANA
2007, JOAQUIN, TERESA
2007, JUAN MANUEL, IRIA
2007, JOSE MARIA, FATIMA
2007, CHRISTIAN, NADIA
2007, ALEIX, UXUE
2007, ISAAC, NAHIA
2007, JUAN ANTONIO, REBECA
2007, CESAR, ALEXANDRA
2007, AIMAR, MANUELA
2007, ANDER, ANE
2007, XAVIER, ESTELA
2008, DANIEL, LUCIA
2008, ALEJANDRO, MARIA
2008, PABLO, PAULA
2008, DAVID, SARA
2008, ADRIAN, CARLA
2008, HUGO, CLAUDIA
2008, ALVARO, LAURA
2008, JAVIER, MARTA
2008, DIEGO, IRENE
2008, SERGIO, ALBA
2008, MARCOS, SOFIA
2008, IVAN, DANIELA
2008, IKER, JULIA
2008, MANUEL, ANDREA
2008, MARIO, ANA
2008, JORGE, CARMEN
2008, CARLOS, ELENA
2008, MIGUEL, NEREA
2008, RUBEN, NATALIA
2008, ANTONIO, MARTINA
2008, RAUL, ROCIO
2008, LUCAS, MARINA
2008, NICOLAS, AITANA
2008, JUAN, ALEJANDRA
2008, MARC, NOA
2008, VICTOR, INES
2008, AITOR, AINHOA
2008, ANGEL, ANGELA
2008, ALEX, ADRIANA
2008, HECTOR, CRISTINA
2008, SAMUEL, CELIA
2008, RODRIGO, CANDELA
2008, IZAN, LAIA
2008, GUILLERMO, NURIA
2008, JESUS, AINARA
2008, GONZALO, ARIADNA
2008, ALBERTO, CARLOTA
2008, JOSE, EMMA
2008, FRANCISCO, ALICIA
2008, AARON, BLANCA
2008, GABRIEL, VALERIA
2008, OSCAR, CLARA
2008, JAIME, EVA
2008, PAU, MIRIAM
2008, LUIS, NOELIA
2008, PEDRO, AROA
2008, ADAM, SANDRA
2008, ISMAEL, PATRICIA
2008, RAFAEL, LEIRE
2008, MIGUEL ANGEL, CAROLINA
2008, MOHAMED, ISABEL
2008, JOEL, JIMENA
2008, MARTIN, ERIKA
2008, FERNANDO, VICTORIA
2008, IGNACIO, LOLA
2008, ERIC, SILVIA
2008, DARIO, NAIARA
2008, ANDRES, RAQUEL
2008, UNAI, NORA
2008, POL, LORENA
2008, MATEO, NAYARA
2008, CRISTIAN, PAOLA
2008, ARNAU, AINA
2008, FRANCISCO JAVIER, LEYRE
2008, ASIER, JANA
2008, JOSE ANTONIO, AFRICA
2008, JOSE MANUEL, LARA
2008, JOAN, MIREIA
2008, ENRIQUE, SALMA
2008, MARCO, ANNA
2008, BRUNO, MAR
2008, SANTIAGO, GABRIELA
2008, EDUARDO, BERTA
2008, JAN, ABRIL
2008, ROBERTO, ELSA
2008, JORDI, HELENA
2008, BIEL, LIDIA
2008, MARTI, AYA
2008, JUAN JOSE, ANA MARIA
2008, ADRIA, SHEILA
2008, ORIOL, BEATRIZ
2008, SAUL, JUDITH
2008, ISAAC, FATIMA
2008, CHRISTIAN, YAIZA
2008, JOSE LUIS, ESTHER
2008, KEVIN, DIANA
2008, ERIK, LUNA
2008, JUAN MANUEL, TERESA
2008, YERAY, IRIA
2008, GUILLEM, MONICA
2008, GERARD, NADIA
2008, SERGI, SARAY
2008, ALEIX, SONIA
2008, ENEKO, ALEXIA
2008, CESAR, NAHIA
2008, JUAN ANTONIO, MANUELA
2008, AIMAR, NOEMI
2008, ROGER, NAIA
2008, JOAQUIN, ESTELA
2008, JOSE MARIA, ANE
2009, DANIEL, LUCIA
2009, ALEJANDRO, PAULA
2009, PABLO, MARIA
2009, HUGO, SARA
2009, ALVARO, DANIELA
2009, ADRIAN, CARLA
2009, DAVID, CLAUDIA
2009, JAVIER, MARTA
2009, SERGIO, IRENE
2009, DIEGO, SOFIA
2009, IVAN, ALBA
2009, MARIO, LAURA
2009, MARCOS, JULIA
2009, IKER, CARMEN
2009, MANUEL, MARTINA
2009, CARLOS, ANA
2009, JORGE, AITANA
2009, MIGUEL, ELENA
2009, SAMUEL, ANDREA
2009, LUCAS, ADRIANA
2009, RUBEN, AINHOA
2009, ANTONIO, NEREA
2009, NICOLAS, NATALIA
2009, AITOR, NOA
2009, MARC, ALEJANDRA
2009, VICTOR, ARIADNA
2009, RAUL, ROCIO
2009, JUAN, INES
2009, HECTOR, ANGELA
2009, ALEX, MARINA
2009, ANGEL, LEIRE
2009, IZAN, LAIA
2009, GONZALO, AINARA
2009, RODRIGO, CRISTINA
2009, GUILLERMO, CARLOTA
2009, JESUS, CELIA
2009, GABRIEL, CANDELA
2009, JOSE, VALERIA
2009, ALBERTO, BLANCA
2009, FRANCISCO, EMMA
2009, ADAM, CLARA
2009, PAU, NURIA
2009, AARON, ALICIA
2009, MATEO, LOLA
2009, JAIME, JIMENA
2009, MARTIN, EVA
2009, PEDRO, VICTORIA
2009, OSCAR, LEYRE
2009, LUIS, MIRIAM
2009, ISMAEL, AROA
2009, RAFAEL, NAIARA
2009, MOHAMED, CAROLINA
2009, ERIC, NOELIA
2009, UNAI, NORA
2009, DARIO, SANDRA
2009, FERNANDO, ISABEL
2009, IGNACIO, SILVIA
2009, POL, PATRICIA
2009, BRUNO, RAQUEL
2009, JOEL, AYA
2009, MIGUEL ANGEL, ERIKA
2009, CRISTIAN, NAYARA
2009, ARNAU, MAR
2009, ANDRES, GABRIELA
2009, ASIER, LARA
2009, MARCO, AINA
2009, JOAN, ELSA
2009, ERIK, LORENA
2009, FRANCISCO JAVIER, MIREIA
2009, SANTIAGO, ABRIL
2009, JOSE MANUEL, BERTA
2009, RAYAN, AFRICA
2009, ENRIQUE, SALMA
2009, BIEL, PAOLA
2009, JOSE ANTONIO, JANA
2009, MARTI, LIDIA
2009, SAUL, ANNA
2009, EDUARDO, BEATRIZ
2009, ISAAC, MALAK
2009, JAN, DIANA
2009, JORDI, GISELA
2009, ROBERTO, HELENA
2009, ADRIA, FATIMA
2009, ORIOL, IRIA
2009, GERARD, YAIZA
2009, JUAN JOSE, LUNA
2009, GUILLEM, NAIA
2009, OMAR, NADIA
2009, CHRISTIAN, SHEILA
2009, LEO, JUDITH
2009, JUAN MANUEL, MANUELA
2009, ALEIX, SARAY
2009, CESAR, ANA MARIA
2009, ROGER, IRIS
2009, JOSE LUIS, MARA
2009, YERAY, MONICA
2009, JOSE MARIA, VALENTINA
2009, SERGI, ESTHER
2009, MIKEL, NAHIA
2009, KEVIN, ALEXANDRA
2010, DANIEL, LUCIA
2010, ALEJANDRO, PAULA
2010, PABLO, MARIA
2010, HUGO, DANIELA
2010, ALVARO, SARA
2010, ADRIAN, CARLA
2010, DAVID, CLAUDIA
2010, JAVIER, SOFIA
2010, DIEGO, ALBA
2010, MARIO, IRENE
2010, MARCOS, MARTA
2010, SERGIO, LAURA
2010, IKER, JULIA
2010, IVAN, MARTINA
2010, MANUEL, CARMEN
2010, JORGE, ADRIANA
2010, AITOR, AITANA
2010, MIGUEL, ELENA
2010, CARLOS, ANA
2010, SAMUEL, NOA
2010, LUCAS, NEREA
2010, NICOLAS, ALEJANDRA
2010, RUBEN, AINHOA
2010, MARC, ANDREA
2010, IZAN, NATALIA
2010, ANTONIO, INES
2010, GONZALO, MARINA
2010, ALEX, ARIADNA
2010, JUAN, ROCIO
2010, VICTOR, ANGELA
2010, HECTOR, LEIRE
2010, RAUL, VALERIA
2010, ANGEL, LAIA
2010, MATEO, AINARA
2010, GABRIEL, EMMA
2010, MARTIN, CELIA
2010, GUILLERMO, CANDELA
2010, RODRIGO, BLANCA
2010, JESUS, CARLOTA
2010, AARON, LOLA
2010, ADAM, ALICIA
2010, ALBERTO, JIMENA
2010, JOSE, CRISTINA
2010, PAU, NORA
2010, JAIME, NURIA
2010, PEDRO, CLARA
2010, DARIO, AROA
2010, FRANCISCO, EVA
2010, ERIC, CAROLINA
2010, OSCAR, VICTORIA
2010, LUIS, LEYRE
2010, UNAI, NOELIA
2010, MOHAMED, NAIARA
2010, ISMAEL, MIRIAM
2010, RAFAEL, ISABEL
2010, BRUNO, SANDRA
2010, FERNANDO, AINA
2010, JOEL, AYA
2010, POL, LARA
2010, IGNACIO, PATRICIA
2010, ANDRES, SILVIA
2010, ASIER, MALAK
2010, CRISTIAN, ERIKA
2010, ARNAU, GABRIELA
2010, RAYAN, AFRICA
2010, MIGUEL ANGEL, NAYARA
2010, MARCO, MAR
2010, ERIK, ABRIL
2010, JOAN, BERTA
2010, SANTIAGO, ELSA
2010, BIEL, RAQUEL
2010, JOSE ANTONIO, HELENA
2010, MARTI, PAOLA
2010, GERARD, MIREIA
2010, ENRIQUE, SALMA
2010, JOSE MANUEL, OLIVIA
2010, JAN, VEGA
2010, FRANCISCO JAVIER, LIDIA
2010, EDUARDO, NAIA
2010, LEO, ALMA
2010, ROBERTO, IRIA
2010, JORDI, LORENA
2010, ISAAC, ANNA
2010, ALONSO, DIANA
2010, SAUL, JANA
2010, OLIVER, LUNA
2010, OMAR, FATIMA
2010, ORIOL, BEATRIZ
2010, ADRIA, SARAY
2010, ALEIX, YAIZA
2010, GUILLEM, MANUELA
2010, IAN, VALENTINA
2010, CESAR, MARA
2010, YERAY, ALEXIA
2010, MIKEL, ESTHER
2010, JUAN JOSE, NADIA
2010, JON, IRIS
2010, NIL, ALEXANDRA
2010, ARTURO, ANA MARIA
2010, JOAQUIN, TERESA
2011, DANIEL, LUCIA
2011, ALEJANDRO, PAULA
2011, PABLO, MARIA
2011, HUGO, DANIELA
2011, ALVARO, SARA
2011, ADRIAN, CARLA
2011, DAVID, CLAUDIA
2011, JAVIER, SOFIA
2011, DIEGO, ALBA
2011, MARIO, IRENE
2011, MARCOS, MARTA
2011, SERGIO, LAURA
2011, IKER, JULIA
2011, IVAN, MARTINA
2011, MANUEL, CARMEN
2011, JORGE, ADRIANA
2011, AITOR, AITANA
2011, MIGUEL, ELENA
2011, CARLOS, ANA
2011, SAMUEL, NOA
2011, LUCAS, NEREA
2011, NICOLAS, ALEJANDRA
2011, RUBEN, AINHOA
2011, MARC, ANDREA
2011, IZAN, NATALIA
2011, ANTONIO, INES
2011, GONZALO, MARINA
2011, ALEX, ARIADNA
2011, JUAN, ROCIO
2011, VICTOR, ANGELA
2011, HECTOR, LEIRE
2011, RAUL, VALERIA
2011, ANGEL, LAIA
2011, MATEO, AINARA
2011, GABRIEL, EMMA
2011, MARTIN, CELIA
2011, GUILLERMO, CANDELA
2011, RODRIGO, BLANCA
2011, JESUS, CARLOTA
2011, AARON, LOLA
2011, ADAM, ALICIA
2011, ALBERTO, JIMENA
2011, JOSE, CRISTINA
2011, PAU, NORA
2011, JAIME, NURIA
2011, PEDRO, CLARA
2011, DARIO, AROA
2011, FRANCISCO, EVA
2011, ERIC, CAROLINA
2011, OSCAR, VICTORIA
2011, LUIS, LEYRE
2011, UNAI, NOELIA
2011, MOHAMED, NAIARA
2011, ISMAEL, MIRIAM
2011, RAFAEL, ISABEL
2011, BRUNO, SANDRA
2011, FERNANDO, AINA
2011, JOEL, AYA
2011, POL, LARA
2011, IGNACIO, PATRICIA
2011, ANDRES, SILVIA
2011, ASIER, MALAK
2011, CRISTIAN, ERIKA
2011, ARNAU, GABRIELA
2011, RAYAN, AFRICA
2011, MIGUEL ANGEL, NAYARA
2011, MARCO, MAR
2011, ERIK, ABRIL
2011, JOAN, BERTA
2011, SANTIAGO, ELSA
2011, BIEL, RAQUEL
2011, JOSE ANTONIO, HELENA
2011, MARTI, PAOLA
2011, GERARD, MIREIA
2011, ENRIQUE, SALMA
2011, JOSE MANUEL, OLIVIA
2011, JAN, VEGA
2011, FRANCISCO JAVIER, LIDIA
2011, EDUARDO, NAIA
2011, LEO, ALMA
2011, ROBERTO, IRIA
2011, JORDI, LORENA
2011, ISAAC, ANNA
2011, ALONSO, DIANA
2011, SAUL, JANA
2011, OLIVER, LUNA
2011, OMAR, FATIMA
2011, ORIOL, BEATRIZ
2011, ADRIA, SARAY
2011, ALEIX, YAIZA
2011, GUILLEM, MANUELA
2011, IAN, VALENTINA
2011, CESAR, MARA
2011, YERAY, ALEXIA
2011, MIKEL, ESTHER
2011, JUAN JOSE, NADIA
2011, JON, IRIS
2011, NIL, ALEXANDRA
2011, ARTURO, ANA MARIA
2011, JOAQUIN, TERESA
2012, DANIEL, LUCIA
2012, HUGO, MARIA
2012, ALEJANDRO, PAULA
2012, PABLO, DANIELA
2012, ALVARO, SARA
2012, ADRIAN, CARLA
2012, DAVID, MARTINA
2012, DIEGO, SOFIA
2012, MARIO, JULIA
2012, JAVIER, ALBA
2012, MARCOS, VALERIA
2012, MANUEL, CLAUDIA
2012, SERGIO, IRENE
2012, NICOLAS, MARTA
2012, IKER, LAURA
2012, LUCAS, NOA
2012, IVAN, CARMEN
2012, CARLOS, ADRIANA
2012, MIGUEL, AINHOA
2012, JORGE, ELENA
2012, MARTIN, ANA
2012, MARC, AITANA
2012, ALEX, EMMA
2012, MATEO, ALEJANDRA
2012, GONZALO, NEREA
2012, IZAN, MARINA
2012, RUBEN, ARIADNA
2012, ANTONIO, INES
2012, JUAN, LAIA
2012, LEO, ANDREA
2012, ANGEL, ROCIO
2012, VICTOR, AINARA
2012, SAMUEL, ANGELA
2012, AITOR, CARLOTA
2012, RAUL, JIMENA
2012, HECTOR, LOLA
2012, GABRIEL, CANDELA
2012, ERIC, NATALIA
2012, GUILLERMO, CELIA
2012, RODRIGO, VALENTINA
2012, ADAM, ALICIA
2012, DARIO, LEIRE
2012, JESUS, BLANCA
2012, JOSE, NORA
2012, AARON, EVA
2012, JAIME, CLARA
2012, PEDRO, CRISTINA
2012, ALBERTO, VICTORIA
2012, BRUNO, AROA
2012, JOEL, LEYRE
2012, FRANCISCO, VEGA
2012, MARCO, OLIVIA
2012, PAU, NURIA
2012, LUIS, CAROLINA
2012, UNAI, NOELIA
2012, OSCAR, ISABEL
2012, RAFAEL, AINA
2012, MOHAMED, ALMA
2012, FERNANDO, LARA
2012, ISMAEL, ABRIL
2012, ANDRES, ELSA
2012, ERIK, MAR
2012, ASIER, MIRIAM
2012, GERARD, VERA
2012, IGNACIO, GABRIELA
2012, ALONSO, NAIARA
2012, ARNAU, SILVIA
2012, POL, BERTA
2012, BIEL, HELENA
2012, CRISTIAN, AYA
2012, OLIVER, SANDRA
2012, RAYAN, ERIKA
2012, JOAN, NAIA
2012, SANTIAGO, MANUELA
2012, MARTI, IRIA
2012, JAN, AFRICA
2012, MIGUEL ANGEL, RAQUEL
2012, NIL, MIREIA
2012, JOSE ANTONIO, PAOLA
2012, ISAAC, MARA
2012, ORIOL, ANNA
2012, ROBERTO, ALEXIA
2012, ALEIX, NAYARA
2012, ENRIQUE, PATRICIA
2012, EDUARDO, ZOE
2012, IAN, NAHIA
2012, JOSE MANUEL, SALMA
2012, ANDER, MALAK
2012, JORDI, DIANA
2012, SAUL, NADIA
2012, FRANCISCO JAVIER, IRIS
2012, YAGO, JANA
2012, CESAR, ANE
2012, ADRIA, LIDIA
2012, OMAR, CHLOE
2012, YERAY, ARLET
2012, GAEL, ONA
2012, JON, IRATI
2012, MIKEL, JUDITH
2012, GUILLEM, LUNA
2013, HUGO, LUCIA
2013, DANIEL, MARIA
2013, PABLO, PAULA
2013, ALEJANDRO, DANIELA
2013, ALVARO, MARTINA
2013, ADRIAN, CARLA
2013, DAVID, SARA
2013, MARIO, SOFIA
2013, DIEGO, VALERIA
2013, JAVIER, JULIA
2013, LUCAS, ALBA
2013, NICOLAS, CLAUDIA
2013, MANUEL, NOA
2013, MARCOS, MARTA
2013, IKER, IRENE
2013, SERGIO, EMMA
2013, IZAN, CARMEN
2013, JORGE, LAURA
2013, CARLOS, ANA
2013, MARTIN, AINHOA
2013, LEO, ELENA
2013, MIGUEL, ADRIANA
2013, MARC, VALENTINA
2013, MATEO, ALEJANDRA
2013, ALEX, INES
2013, GONZALO, AITANA
2013, ANTONIO, ARIADNA
2013, IVAN, LEIRE
2013, JUAN, AINARA
2013, ANGEL, LAIA
2013, RUBEN, NEREA
2013, VICTOR, MARINA
2013, HECTOR, ANDREA
2013, SAMUEL, CARLOTA
2013, AITOR, LOLA
2013, ERIC, JIMENA
2013, GABRIEL, ANGELA
2013, JOEL, CANDELA
2013, RAUL, ROCIO
2013, JOSE, BLANCA
2013, RODRIGO, VERA
2013, ADAM, NORA
2013, GUILLERMO, ALICIA
2013, DARIO, CELIA
2013, JESUS, VEGA
2013, ERIK, NATALIA
2013, BRUNO, CLARA
2013, MARCO, LEYRE
2013, FRANCISCO, VICTORIA
2013, AARON, EVA
2013, PAU, OLIVIA
2013, PEDRO, ISABEL
2013, ALBERTO, CRISTINA
2013, JAIME, AINA
2013, ENZO, AROA
2013, LUIS, NURIA
2013, OLIVER, LARA
2013, ASIER, ALMA
2013, RAFAEL, ABRIL
2013, UNAI, CAROLINA
2013, POL, ELSA
2013, MOHAMED, MAR
2013, OSCAR, MARA
2013, ANDRES, GABRIELA
2013, BIEL, MANUELA
2013, ISMAEL, ZOE
2013, FERNANDO, NOELIA
2013, ARNAU, AFRICA
2013, RAYAN, IRIA
2013, ALONSO, BERTA
2013, MARTI, ALEXIA
2013, GERARD, ERIKA
2013, IAN, HELENA
2013, JAN, MIRIAM
2013, IGNACIO, NAIARA
2013, MIGUEL ANGEL, SILVIA
2013, CRISTIAN, AYA
2013, SANTIAGO, SALMA
2013, GAEL, NAIA
2013, NIL, NAYARA
2013, JOAN, CHLOE
2013, THIAGO, MIREIA
2013, ENRIQUE, PAOLA
2013, ISAAC, ONA
2013, SAUL, SANDRA
2013, JOSE ANTONIO, MALAK
2013, YAGO, RAQUEL
2013, JOSE MANUEL, ANE
2013, ROBERTO, NAHIA
2013, EDUARDO, JANA
2013, OMAR, DIANA
2013, ALEIX, PATRICIA
2013, LUCA, MIA
2013, ORIOL, ANNA
2013, JORDI, IRIS
2013, FRANCISCO JAVIER, YANIRA
2013, ANDER, LUNA
2013, JON, ARLET
2013, YERAY, NADIA
2013, DYLAN, LIDIA
2014, HUGO, LUCIA
2014, DANIEL, MARIA
2014, PABLO, MARTINA
2014, ALEJANDRO, PAULA
2014, ALVARO, DANIELA
2014, ADRIAN, SOFIA
2014, DAVID, VALERIA
2014, MARTIN, CARLA
2014, MARIO, SARA
2014, DIEGO, ALBA
2014, JAVIER, JULIA
2014, MANUEL, NOA
2014, LUCAS, EMMA
2014, NICOLAS, CLAUDIA
2014, MARCOS, CARMEN
2014, LEO, MARTA
2014, SERGIO, VALENTINA
2014, MATEO, IRENE
2014, IZAN, ADRIANA
2014, ALEX, ANA
2014, IKER, LAURA
2014, MARC, ELENA
2014, JORGE, ALEJANDRA
2014, CARLOS, AINHOA
2014, MIGUEL, INES
2014, ANTONIO, AITANA
2014, ANGEL, MARINA
2014, GONZALO, VERA
2014, JUAN, CANDELA
2014, IVAN, LAIA
2014, ERIC, ARIADNA
2014, RUBEN, AINARA
2014, SAMUEL, LOLA
2014, HECTOR, LEIRE
2014, VICTOR, ANDREA
2014, ENZO, NEREA
2014, JOSE, CARLOTA
2014, GABRIEL, ROCIO
2014, BRUNO, ANGELA
2014, DARIO, VEGA
2014, RAUL, NORA
2014, ADAM, JIMENA
2014, GUILLERMO, BLANCA
2014, FRANCISCO, ALICIA
2014, AARON, CLARA
2014, JESUS, OLIVIA
2014, OLIVER, CELIA
2014, JOEL, ALMA
2014, PEDRO, EVA
2014, AITOR, ELSA
2014, RODRIGO, LEYRE
2014, ERIK, NATALIA
2014, MARCO, VICTORIA
2014, ALBERTO, ISABEL
2014, PAU, CRISTINA
2014, JAIME, LARA
2014, ASIER, ABRIL
2014, LUIS, TRIANA
2014, RAFAEL, NURIA
2014, UNAI, AROA
2014, MOHAMED, CAROLINA
2014, DYLAN, AINA
2014, MARTI, MANUELA
2014, IAN, CHLOE
2014, POL, MIA
2014, ISMAEL, MAR
2014, OSCAR, GABRIELA
2014, ANDRES, MARA
2014, ALONSO, ZOE
2014, BIEL, ONA
2014, RAYAN, AFRICA
2014, JAN, IRIA
2014, FERNANDO, NAIA
2014, THIAGO, HELENA
2014, ARNAU, PAOLA
2014, CRISTIAN, NOELIA
2014, GAEL, NAHIA
2014, IGNACIO, MIRIAM
2014, JOAN, SALMA
2014, NIL, NAIARA
2014, SANTIAGO, BERTA
2014, GERARD, LIA
2014, LUCA, ALEXIA
2014, MIGUEL ANGEL, NAYARA
2014, ISAAC, ANE
2014, ALEIX, ELIA
2014, SAUL, MALAK
2014, JOSE ANTONIO, JANA
2014, ENRIQUE, ARLET
2014, YAGO, DIANA
2014, JULEN, AYA
2014, JOSE MANUEL, SILVIA
2014, EDUARDO, IRIS
2014, ABRAHAM, LUNA
2014, JORDI, YANIRA
2014, AIMAR, FATIMA
2014, ROBERTO, ERIKA
2014, FRANCISCO JAVIER, MIREIA
2014, CESAR, SANDRA
2014, YERAY, ANNA
2015, HUGO, LUCIA
2015, DANIEL, MARIA
2015, PABLO, MARTINA
2015, MARTIN, PAULA
2015, ALEJANDRO, SOFIA
2015, ADRIAN, DANIELA
2015, ALVARO, ALBA
2015, DAVID, JULIA
2015, LUCAS, CARLA
2015, MARIO, SARA
2015, DIEGO, VALERIA
2015, MANUEL, NOA
2015, LEO, EMMA
2015, MATEO, CLAUDIA
2015, JAVIER, CARMEN
2015, IZAN, MARTA
2015, MARCOS, VALENTINA
2015, ALEX, IRENE
2015, SERGIO, ADRIANA
2015, MARC, ANA
2015, CARLOS, LAURA
2015, JORGE, ELENA
2015, MIGUEL, ALEJANDRA
2015, ENZO, OLIVIA
2015, ANTONIO, INES
2015, ANGEL, LOLA
2015, GONZALO, AITANA
2015, IKER, ARIADNA
2015, JUAN, VERA
2015, ERIC, LAIA
2015, IVAN, VEGA
2015, RUBEN, ALMA
2015, VICTOR, CANDELA
2015, NICOLAS, MARINA
2015, BRUNO, AINHOA
2015, SAMUEL, ELSA
2015, HECTOR, JIMENA
2015, JOSE, TRIANA
2015, GABRIEL, LEIRE
2015, DARIO, CARLOTA
2015, OLIVER, BLANCA
2015, AARON, ROCIO
2015, ADAM, AINARA
2015, DYLAN, ALICIA
2015, JESUS, NORA
2015, MARCO, NEREA
2015, AITOR, ANGELA
2015, ALBERTO, CLARA
2015, GUILLERMO, ABRIL
2015, RAUL, LEYRE
2015, RODRIGO, CELIA
2015, FRANCISCO, ANDREA
2015, JOEL, VICTORIA
2015, ERIK, LARA
2015, PAU, EVA
2015, PEDRO, MIA
2015, LUIS, CHLOE
2015, JAIME, NATALIA
2015, RAFAEL, MANUELA
2015, ASIER, ISABEL
2015, UNAI, AINA
2015, MOHAMED, ZOE
2015, MARTI, CRISTINA
2015, GAEL, AROA
2015, THIAGO, NURIA
2015, IAN, ALEXIA
2015, FERNANDO, LIA
2015, OSCAR, CAROLINA
2015, LUCA, IRIA
2015, ANDRES, AFRICA
2015, BIEL, MAR
2015, ISMAEL, MARA
2015, ALONSO, GABRIELA
2015, POL, ONA
2015, NIL, NAIA
2015, JAN, HELENA
2015, RAYAN, PAOLA
2015, ALEIX, AZAHARA
2015, ARNAU, NOELIA
2015, CRISTIAN, ELIA
2015, SAUL, IRIS
2015, ISAAC, LUNA
2015, SANTIAGO, MALAK
2015, JULEN, NAHIA
2015, JOAN, BERTA
2015, MIGUEL ANGEL, AYA
2015, AIMAR, MIREIA
2015, IGNACIO, SALMA
2015, YOUSSEF, ANE
2015, EDUARDO, CAYETANA
2015, MAURO, SILVIA
2015, ENRIQUE, DIANA
2015, YAGO, MIRIAM
2015, JOSE ANTONIO, ARLET
2015, GERARD, NADIA
2015, ABRAHAM, NAIARA
2015, NOAH, JANA
2015, OMAR, CLOE
2015, IBAI, ANNA
2015, FRANCISCO JAVIER, NAYARA
2015, JON, ERIKA
2016, HUGO, LUCIA
2016, DANIEL, MARTINA
2016, MARTIN, MARIA
2016, PABLO, SOFIA
2016, ALEJANDRO, PAULA
2016, LUCAS, DANIELA
2016, ALVARO, VALERIA
2016, ADRIAN, ALBA
2016, MATEO, JULIA
2016, DAVID, NOA
2016, MARIO, SARA
2016, MANUEL, CARLA
2016, DIEGO, EMMA
2016, LEO, CARMEN
2016, JAVIER, CLAUDIA
2016, MARCOS, VALENTINA
2016, IZAN, ANA
2016, ALEX, MARTA
2016, SERGIO, IRENE
2016, ENZO, ADRIANA
2016, CARLOS, LAURA
2016, MIGUEL, VEGA
2016, MARC, ELENA
2016, JORGE, ALEJANDRA
2016, ANTONIO, ALMA
2016, GONZALO, LAIA
2016, JUAN, LOLA
2016, ANGEL, VERA
2016, OLIVER, OLIVIA
2016, IKER, AITANA
2016, DYLAN, JIMENA
2016, BRUNO, CANDELA
2016, ERIC, ARIADNA
2016, MARCO, INES
2016, IVAN, CARLOTA
2016, NICOLAS, AINHOA
2016, JOSE, NORA
2016, HECTOR, TRIANA
2016, DARIO, MARINA
2016, SAMUEL, CHLOE
2016, VICTOR, ALICIA
2016, RUBEN, CLARA
2016, GABRIEL, BLANCA
2016, ADAM, LEIRE
2016, AARON, MIA
2016, THIAGO, LARA
2016, GAEL, ROCIO
2016, FRANCISCO, AINARA
2016, GUILLERMO, NEREA
2016, RAUL, ABRIL
2016, RODRIGO, ANDREA
2016, ERIK, LEYRE
2016, JAIME, CELIA
2016, AITOR, MANUELA
2016, JESUS, VICTORIA
2016, PEDRO, ELSA
2016, JOEL, ANGELA
2016, PAU, EVA
2016, ALBERTO, NATALIA
2016, LUIS, ZOE
2016, LUCA, AINA
2016, MOHAMED, ISABEL
2016, IAN, ONA
2016, RAFAEL, CRISTINA
2016, JULEN, LIA
2016, UNAI, AROA
2016, ASIER, GALA
2016, MARTI, GABRIELA
2016, RAYAN, MAR
2016, JAN, IRIA
2016, FERNANDO, NURIA
2016, POL, CAROLINA
2016, BIEL, IRIS
2016, ISMAEL, MARA
2016, SAUL, ARLET
2016, ANDRES, HELENA
2016, OSCAR, LUNA
2016, ALONSO, MALAK
2016, ALEIX, CAYETANA
2016, NIL, DIANA
2016, CRISTIAN, NAIA
2016, SANTIAGO, ALEXIA
2016, ISAAC, PAOLA
2016, IGNACIO, BERTA
2016, ARNAU, ELIA
2016, MIGUEL ANGEL, AFRICA
2016, YOUSSEF, NAHIA
2016, ENRIQUE, AMIRA
2016, MAURO, AYA
2016, JOAN, ANE
2016, JON, SALMA
2016, NOAH, ELISA
2016, JOSE ANTONIO, MIRIAM
2016, JOSE MANUEL, CLOE
2016, OMAR, FATIMA
2016, EDUARDO, JANA
2016, AIMAR, NOELIA
2016, GERARD, ANNA
2016, ARITZ, SILVIA
2016, LIAM, MIREIA
2016, JORDI, IRATI
